user_id,ad_id,click,time_of_day,device,ad_category,price,text_feature
52,34,1,morning,mobile,tech,2.2680279900193057,new
93,45,0,morning,desktop,sports,0.6289359240994453,new
15,6,1,night,desktop,food,3.1246357654065053,offer
72,37,0,morning,tablet,tech,0.5508614146506011,discount
61,33,1,evening,desktop,food,4.043173811671728,new
21,22,0,evening,mobile,sports,1.8789477021651722,discount
83,21,1,evening,tablet,tech,0.6811610135415445,discount
87,6,0,evening,tablet,food,3.14758499442419,sale
75,6,0,morning,mobile,food,2.289579864948746,offer
75,48,0,evening,tablet,fashion,4.882101860107173,offer
88,4,0,morning,desktop,fashion,2.94889398126666,sale
24,30,0,night,desktop,fashion,1.7385763146665374,sale
3,11,0,evening,mobile,tech,3.6924748908528864,discount
22,30,0,afternoon,desktop,sports,1.721714011442201,new
53,31,0,evening,mobile,sports,4.569094811334043,offer
2,24,1,evening,mobile,fashion,2.1862488672831937,new
88,9,0,morning,desktop,fashion,2.9744085324929235,new
30,3,1,evening,mobile,fashion,0.7275789672090298,sale
38,31,0,afternoon,desktop,food,2.4175455707850384,new
2,40,0,morning,tablet,fashion,4.245635928474478,discount
64,37,0,morning,tablet,food,4.125419624135039,sale
60,36,0,night,mobile,sports,1.5094335148408682,new
21,24,0,night,desktop,tech,1.517355819547532,sale
33,31,0,evening,desktop,tech,4.177873904959565,discount
76,6,0,night,tablet,tech,4.686792890761965,discount
58,2,0,night,tablet,tech,0.929124145728516,new
22,20,1,night,desktop,food,2.5252638774180136,sale
89,28,1,morning,mobile,food,2.0185442553390303,new
49,11,0,morning,tablet,fashion,4.418098049558477,new
91,4,0,morning,mobile,food,0.8758621160600845,sale
59,15,0,night,mobile,fashion,1.4500667415111683,new
42,6,0,morning,tablet,fashion,3.8861075191392245,discount
92,49,0,night,mobile,tech,0.7308223204154701,sale
60,30,0,morning,mobile,food,2.716409213214302,sale
80,38,0,morning,desktop,food,2.4894816560587403,sale
15,2,1,afternoon,mobile,fashion,2.004805305449369,sale
62,15,0,evening,desktop,fashion,2.275575418935157,new
62,11,0,night,tablet,sports,2.8847326411860483,new
47,8,0,afternoon,tablet,sports,1.226153112747724,discount
62,26,0,morning,desktop,fashion,3.0739814522761675,offer
51,45,0,night,tablet,sports,4.124445481849938,offer
55,44,1,morning,mobile,sports,3.9207241840557154,discount
64,5,0,evening,mobile,fashion,1.1925495711219816,offer
3,6,1,afternoon,mobile,fashion,1.1716226138366326,discount
51,26,0,evening,tablet,food,1.70678465485211,new
7,4,0,afternoon,mobile,fashion,2.1248362685346676,sale
21,19,0,morning,tablet,fashion,2.338050116338172,sale
73,20,0,evening,mobile,tech,3.5586374757500536,new
39,33,1,evening,desktop,food,0.7550619447462593,sale
18,20,1,morning,tablet,food,0.6560271690172987,sale
4,49,0,evening,tablet,food,2.263597533247591,offer
89,12,0,night,mobile,tech,3.637236614620912,new
60,47,0,afternoon,tablet,fashion,1.3704590433041717,offer
14,1,1,afternoon,tablet,food,3.386770165653133,offer
9,26,0,afternoon,desktop,food,1.6692266207313475,sale
90,14,0,night,desktop,sports,4.487387489660824,sale
53,38,0,afternoon,mobile,food,4.5306047491997745,new
2,37,0,morning,desktop,fashion,1.8377924192659691,sale
84,11,0,evening,mobile,fashion,1.5349718928345824,sale
92,36,0,night,mobile,sports,2.3508678742980407,new
60,13,1,afternoon,mobile,food,1.5823921333106692,sale
71,43,0,morning,tablet,food,3.5257272948126666,offer
44,3,0,evening,desktop,food,4.217291080467285,new
8,33,1,evening,mobile,tech,3.5289145891004763,sale
47,6,0,night,desktop,food,4.209577012622073,discount
35,10,1,night,mobile,fashion,2.2864647299336336,new
78,5,0,night,desktop,fashion,1.2034263681898738,new
81,23,0,morning,desktop,tech,3.8207792632891646,discount
36,10,1,morning,mobile,tech,2.1221352731369922,sale
50,44,0,night,tablet,food,3.5207187135310964,sale
4,2,0,afternoon,desktop,sports,1.7178977389179455,new
2,13,0,evening,tablet,tech,0.865533356630027,new
6,40,0,evening,tablet,tech,4.9666180796949355,sale
54,2,0,morning,mobile,food,1.2029067856876967,sale
4,20,0,evening,mobile,food,4.947894472835665,offer
54,1,1,afternoon,mobile,tech,4.897759696549013,new
93,37,0,evening,desktop,sports,4.072181467586178,new
63,9,0,morning,mobile,tech,3.467403329368989,discount
18,17,0,morning,mobile,food,3.1001317261298813,offer
90,9,0,afternoon,desktop,food,4.397456954200257,sale
44,11,0,afternoon,desktop,tech,1.8024778472876957,offer
34,15,1,evening,mobile,sports,2.6045654561819465,sale
74,24,0,evening,mobile,tech,3.2872548621492585,sale
62,38,0,morning,mobile,tech,2.35035714141271,offer
14,35,0,afternoon,mobile,food,2.423689043406206,new
95,30,0,afternoon,tablet,sports,1.9862810037593799,sale
48,31,0,afternoon,tablet,fashion,3.0390431750804123,offer
15,49,0,evening,mobile,sports,4.327585376068022,discount
72,5,1,afternoon,tablet,tech,1.406877701028408,offer
78,44,0,morning,desktop,tech,4.7049486743904865,discount
87,14,0,morning,tablet,tech,3.6008944418670334,sale
62,11,0,evening,tablet,sports,4.204729457060136,offer
40,9,0,night,mobile,food,3.0028581168350525,offer
85,34,0,evening,tablet,tech,4.007825156408286,discount
80,12,0,night,tablet,tech,0.5729017880276024,offer
82,35,0,afternoon,tablet,sports,4.1827119115079086,offer
53,35,0,evening,tablet,fashion,0.6806248658841494,sale
24,1,0,morning,desktop,fashion,4.504610193632881,offer
26,40,0,afternoon,mobile,food,4.9638323625738945,new
89,22,1,morning,mobile,food,1.8233035797955002,discount
60,29,1,afternoon,desktop,tech,1.4464335032860713,offer
41,8,0,evening,tablet,sports,3.944135137361183,discount
29,11,1,night,desktop,tech,1.6386185341411394,discount
15,41,0,afternoon,tablet,food,4.395030724274916,discount
45,37,0,night,desktop,sports,0.9627916647086452,offer
65,14,0,afternoon,mobile,sports,1.0667983837071122,offer
89,30,0,morning,mobile,food,4.90618199795277,discount
71,35,0,morning,mobile,fashion,3.532275042215021,new
9,21,1,afternoon,tablet,fashion,4.310992509930287,discount
88,37,0,night,tablet,sports,1.959482198081831,new
1,5,0,evening,desktop,tech,3.54417687284272,discount
8,19,0,evening,desktop,fashion,3.1740882228886873,sale
88,14,1,morning,mobile,tech,3.2141755405532617,discount
63,26,0,evening,tablet,fashion,3.571396067919747,discount
11,4,0,morning,desktop,fashion,3.0891162790809434,offer
81,25,0,evening,tablet,tech,2.4307806618619967,new
8,45,0,afternoon,tablet,food,1.7416521247124608,sale
35,42,1,morning,mobile,fashion,3.958615989109409,new
35,25,1,morning,mobile,fashion,1.518225935014338,sale
33,18,0,afternoon,tablet,tech,3.6155943776948636,discount
5,40,1,morning,tablet,food,1.54999770192197,offer
41,8,0,evening,tablet,fashion,3.3139857647950426,offer
28,39,1,evening,tablet,fashion,3.8618522020806303,new
7,40,0,morning,mobile,food,1.4842125000794264,offer
73,14,0,evening,desktop,fashion,0.7697448538758873,new
72,32,0,night,mobile,food,1.0893818434737834,new
12,38,0,morning,desktop,food,3.2269863527196145,sale
34,33,0,afternoon,tablet,tech,4.32250882801581,new
33,23,0,night,desktop,sports,0.7024856955594097,sale
48,15,0,morning,mobile,food,3.8036806656874083,offer
23,33,0,afternoon,mobile,tech,2.0359339067752344,new
62,25,0,evening,tablet,sports,2.6533776646378513,new
88,17,0,afternoon,mobile,fashion,4.679867974305045,discount
37,33,1,night,tablet,sports,1.9938717713113046,new
99,47,0,evening,mobile,food,2.5940162027276874,new
44,2,0,morning,mobile,food,0.561570866423065,discount
86,14,0,evening,tablet,food,0.8671942400217727,discount
91,40,1,morning,desktop,food,1.663662160106528,offer
35,40,0,morning,mobile,food,0.6253350836948348,new
65,39,0,afternoon,desktop,tech,3.3411889672171293,offer
99,6,1,afternoon,mobile,food,2.4187926056073015,offer
47,6,1,afternoon,mobile,tech,2.966653412276099,discount
78,3,0,night,mobile,fashion,1.285912336533483,sale
3,7,0,night,mobile,food,1.8316941324647726,offer
1,8,0,afternoon,desktop,food,3.487210136837263,sale
5,42,1,night,desktop,sports,4.8438622563367995,new
90,15,0,evening,mobile,fashion,0.7268754812099414,discount
14,47,0,evening,mobile,food,4.506729443848697,new
27,29,1,night,desktop,food,3.0959654059004382,new
9,33,0,night,tablet,fashion,3.037638050400307,discount
79,30,0,evening,tablet,tech,2.7512534084349216,new
15,39,0,morning,desktop,food,0.8122733865688252,discount
90,27,0,evening,mobile,sports,0.904445832812723,sale
42,36,0,evening,mobile,food,3.2041040254658872,new
77,29,0,night,tablet,sports,2.0343135714600122,discount
51,38,0,evening,tablet,sports,4.627706299599563,offer
63,33,0,night,desktop,food,2.329657418117625,new
96,37,1,night,tablet,food,1.144766564161885,sale
52,27,0,afternoon,desktop,sports,3.716234750759162,discount
96,33,1,evening,tablet,fashion,1.8200903964845443,new
4,4,0,morning,tablet,fashion,2.8646163831015192,new
94,22,1,afternoon,tablet,food,3.6402475347732652,new
23,2,0,night,mobile,tech,4.551188500409316,sale
15,10,0,night,mobile,fashion,4.064860376607543,discount
43,5,0,morning,mobile,food,3.5436248054272586,offer
29,10,1,night,tablet,fashion,3.558349320778146,offer
36,33,0,evening,desktop,tech,4.756660898144389,offer
13,38,0,afternoon,desktop,food,1.831208438734412,discount
32,13,0,night,desktop,tech,0.5050044238828433,offer
71,31,1,night,desktop,food,1.7237955172918942,sale
59,47,0,morning,mobile,tech,1.480511208320348,discount
86,36,0,evening,mobile,fashion,3.4782556330129917,new
28,45,0,night,tablet,fashion,3.3517021989448805,sale
66,24,1,morning,tablet,tech,3.170576222171257,new
42,15,0,night,desktop,tech,0.5730954944425417,offer
45,29,0,morning,mobile,tech,3.7795012450279137,sale
62,8,0,morning,desktop,food,1.9558868561847118,discount
57,5,0,evening,tablet,fashion,3.49275195052984,sale
6,29,0,night,tablet,food,3.0046029282596898,new
28,47,0,evening,desktop,fashion,2.0422891644255823,discount
28,4,0,morning,tablet,sports,1.1055932019684849,sale
44,12,0,afternoon,desktop,food,0.9248850394721643,sale
84,45,0,night,mobile,fashion,4.241832499005006,sale
30,2,0,afternoon,desktop,fashion,4.6327889393670105,sale
62,27,0,night,mobile,food,3.4240462104393483,discount
75,31,0,evening,mobile,food,0.9654535168721752,new
92,36,0,evening,tablet,fashion,2.309122475997083,sale
89,36,0,evening,tablet,food,3.7802264004732073,discount
62,26,0,evening,tablet,tech,4.009193978045307,new
97,43,0,evening,desktop,food,1.0319838003098987,sale
1,27,0,afternoon,desktop,food,0.5001382348042209,new
27,5,0,evening,tablet,food,3.7046167064627227,new
62,20,1,morning,desktop,fashion,2.1046827919379254,discount
77,11,0,morning,tablet,tech,1.645165992282171,new
3,10,0,afternoon,desktop,sports,0.5580386140528645,discount
70,40,0,night,mobile,sports,2.9313473304267488,sale
72,38,0,morning,mobile,tech,4.330178309416918,new
27,6,0,night,tablet,tech,4.809342408226645,new
9,8,0,afternoon,desktop,tech,3.0458522777598014,offer
62,23,0,night,desktop,fashion,2.815075974829524,sale
37,47,0,night,mobile,sports,0.882753734701585,sale
97,26,0,night,mobile,tech,2.969927606941699,offer
51,46,0,night,tablet,fashion,2.209905855344276,offer
44,43,1,afternoon,mobile,sports,3.2321087639760964,discount
24,12,0,morning,tablet,food,2.24926856544446,discount
79,26,1,evening,mobile,fashion,1.5813460555266503,new
59,13,0,night,mobile,sports,0.9273437385276943,new
32,40,0,morning,desktop,fashion,1.917133000650031,new
96,18,0,morning,mobile,sports,0.9349017542948852,new
88,25,0,afternoon,mobile,sports,1.2960362787079278,discount
52,33,1,morning,tablet,food,4.943012713607956,sale
62,47,0,afternoon,mobile,fashion,2.498466006079784,new
58,40,1,night,tablet,tech,2.8934229492725745,sale
52,43,0,night,mobile,food,4.431283379317469,new
12,12,1,evening,mobile,food,4.9800600522080956,offer
39,44,0,evening,tablet,sports,3.122215022051067,new
2,36,0,evening,desktop,tech,4.156132194698772,new
3,48,0,morning,tablet,fashion,1.9712346095150388,new
56,4,0,night,tablet,tech,1.8758478085128099,discount
81,5,0,afternoon,tablet,tech,2.3121667444755207,offer
59,37,0,evening,desktop,tech,3.5262826820314213,new
2,8,1,afternoon,mobile,tech,3.5698626016479444,new
2,42,0,afternoon,tablet,tech,1.9185774559225286,sale
92,49,0,evening,tablet,sports,1.099444658614829,offer
54,28,0,night,desktop,sports,3.3457831540947884,new
87,31,0,evening,tablet,food,1.0774663798494404,sale
96,9,0,afternoon,mobile,sports,3.1032162870319855,sale
97,29,0,evening,desktop,food,3.6203995762533903,discount
1,14,0,afternoon,mobile,food,3.652751733775032,sale
19,40,0,afternoon,mobile,fashion,3.890624497968185,new
2,41,0,evening,desktop,tech,4.427867397045491,discount
53,22,0,morning,tablet,sports,2.749815463841548,discount
44,11,0,evening,mobile,fashion,3.7861213528830704,new
90,23,0,morning,mobile,sports,3.286277309146265,offer
32,1,0,afternoon,mobile,food,1.3398797290895716,sale
70,46,0,afternoon,mobile,sports,0.6156034019123368,discount
32,37,0,morning,desktop,tech,1.780436235546202,offer
68,21,1,afternoon,desktop,food,2.4936516785192873,new
55,26,0,morning,mobile,food,3.2769767499289535,sale
75,46,1,morning,tablet,fashion,4.324816987264424,sale
56,36,0,afternoon,mobile,tech,1.3831057251777454,discount
17,23,0,night,tablet,food,1.064974054543147,sale
38,1,0,morning,mobile,tech,4.835659763634474,sale
24,40,1,evening,tablet,sports,0.986200517193832,sale
69,15,0,evening,mobile,tech,2.6532098154823514,sale
98,21,1,afternoon,tablet,food,3.1350367795698584,new
70,47,1,night,mobile,fashion,2.936184894083472,offer
86,9,0,afternoon,mobile,food,0.8871447066482444,new
11,9,0,night,tablet,tech,0.7566211130162872,new
16,10,0,morning,desktop,tech,0.9746754235746605,discount
97,26,0,morning,tablet,food,3.135144577426756,sale
73,41,1,morning,desktop,tech,2.949551994354445,new
59,35,1,morning,mobile,sports,1.5518335641653491,sale
70,25,0,evening,tablet,food,3.369983638305162,new
80,26,0,evening,tablet,fashion,4.190303759250423,new
93,11,0,afternoon,tablet,food,0.6871053193096719,discount
3,38,0,night,desktop,sports,2.7415847459661906,offer
20,2,1,morning,desktop,sports,3.6018968544621064,offer
59,7,0,morning,mobile,sports,1.6354036718135918,new
36,18,0,night,desktop,sports,1.884969073819171,discount
19,27,0,night,desktop,sports,3.261370563452227,sale
90,34,0,afternoon,mobile,fashion,4.540708820496816,sale
67,27,0,night,tablet,tech,4.144659891363047,new
19,17,0,morning,tablet,sports,3.124085985948126,offer
20,43,0,morning,mobile,sports,3.7859977299076215,discount
96,44,0,morning,tablet,food,2.141701115935094,offer
71,24,1,morning,desktop,fashion,3.38434487644441,sale
52,25,0,morning,mobile,fashion,2.5978171600740065,offer
33,7,0,afternoon,mobile,tech,1.3547126140590242,sale
40,6,0,morning,mobile,fashion,3.6578222324476575,discount
39,24,0,afternoon,tablet,food,3.004090868069699,discount
82,33,0,morning,mobile,food,2.1137971187911613,new
1,49,0,evening,mobile,tech,4.601026355353838,new
11,29,0,evening,mobile,food,0.5942035302202997,offer
92,43,0,evening,tablet,sports,1.920979180622732,discount
57,22,0,evening,desktop,sports,0.7559662899994095,discount
89,26,0,afternoon,mobile,food,3.9493729229973225,new
50,28,1,afternoon,desktop,tech,3.6594835435120667,sale
23,21,0,night,tablet,fashion,1.9910849843134266,offer
31,49,0,morning,tablet,tech,3.5404830599318284,offer
94,7,0,evening,tablet,fashion,2.2817175178817743,new
42,17,0,afternoon,tablet,food,3.9031420614009544,discount
99,20,0,morning,desktop,food,2.5438264823151773,new
7,41,0,morning,mobile,sports,2.355258775242495,new
16,49,1,afternoon,tablet,fashion,4.706284619697354,new
90,20,0,evening,tablet,tech,1.6289559495081511,new
60,22,0,night,desktop,food,1.0420130299845445,sale
2,28,0,morning,desktop,tech,3.1304440096675616,sale
1,40,0,night,tablet,sports,4.861948155278805,discount
48,49,0,evening,mobile,fashion,2.20027646177234,new
12,7,0,evening,mobile,fashion,0.7791654363295168,sale
69,1,0,night,tablet,food,2.0268737028930532,discount
37,32,1,evening,desktop,fashion,2.776692444438013,new
32,13,0,morning,tablet,food,1.2286535298449617,offer
9,30,0,night,tablet,sports,3.4614599812542144,sale
99,23,0,evening,desktop,fashion,4.989872250545902,discount
19,19,0,night,tablet,food,2.532827641916497,offer
48,32,0,morning,tablet,tech,2.096278505285957,new
80,30,0,evening,tablet,food,2.3031687507550997,new
3,29,0,morning,desktop,fashion,1.018157802778405,new
20,49,1,evening,mobile,sports,4.4747312064180065,sale
24,45,0,afternoon,mobile,fashion,2.366715449846084,discount
54,29,0,evening,desktop,fashion,2.242734851411786,offer
33,30,1,night,mobile,food,3.4686062281871344,discount
24,16,0,evening,tablet,tech,2.489150394190056,sale
75,40,0,morning,mobile,fashion,3.4170506096353073,discount
72,19,0,morning,tablet,tech,0.7765083055885438,sale
36,18,0,evening,mobile,food,4.161755046750024,new
38,1,0,night,desktop,tech,4.732267787957312,offer
84,14,1,afternoon,mobile,food,3.419444237717237,new
99,47,0,night,mobile,sports,4.795546679864648,discount
89,2,0,afternoon,mobile,tech,1.1814454146648348,new
99,28,0,morning,desktop,tech,2.6483728526615917,offer
25,49,0,night,mobile,sports,3.2081303027545127,new
93,30,0,afternoon,desktop,tech,3.11781491339534,offer
18,38,0,evening,tablet,sports,2.3065780059006946,offer
82,4,1,morning,mobile,fashion,2.021379842148176,new
66,1,0,evening,desktop,food,1.0707081014768847,sale
54,8,0,morning,desktop,sports,2.2628410275302517,discount
35,29,0,night,mobile,tech,1.231973667974683,sale
80,39,0,night,tablet,sports,3.8046455442149827,sale
61,3,0,morning,desktop,tech,1.439739209725655,new
41,32,0,morning,mobile,fashion,0.7635438737804023,discount
33,10,0,morning,tablet,sports,2.9856476201775544,discount
68,10,0,night,desktop,fashion,3.178533797237307,sale
33,19,0,afternoon,desktop,food,4.423608775762275,new
14,46,0,evening,tablet,tech,3.0964172558795684,discount
21,34,1,evening,tablet,tech,2.054663841755506,sale
48,33,0,night,mobile,fashion,4.113553466868442,discount
20,23,0,evening,mobile,food,2.9312550193433946,new
8,28,0,morning,desktop,sports,0.8567612808403628,new
7,32,1,afternoon,tablet,sports,3.04632752140961,new
67,7,1,evening,tablet,tech,4.586083454397481,discount
17,29,0,afternoon,tablet,fashion,2.2834068147419924,offer
33,8,1,morning,desktop,fashion,1.8334661085491004,discount
48,1,0,evening,tablet,sports,1.1456125565810902,offer
76,3,0,night,tablet,food,1.181504848709108,new
59,24,0,afternoon,desktop,food,2.447471679538185,sale
86,23,0,morning,mobile,sports,3.180559208726883,offer
22,8,0,afternoon,mobile,sports,0.8627693232632079,new
30,47,1,evening,desktop,fashion,4.728058650613246,new
38,37,0,evening,tablet,food,3.8981012785033817,offer
51,3,0,night,desktop,sports,3.139807632276482,sale
54,33,0,morning,mobile,sports,4.227974019225458,new
8,28,0,morning,mobile,tech,0.8608404056545098,offer
27,47,0,night,desktop,sports,2.6457749497990597,sale
27,8,0,night,desktop,sports,3.335419070877485,sale
98,34,0,morning,mobile,food,4.228938077532302,new
21,35,1,afternoon,desktop,fashion,4.025613020221705,discount
30,32,0,afternoon,mobile,food,1.7468116237102984,discount
97,24,0,night,desktop,fashion,4.7339607630164195,new
28,14,0,afternoon,desktop,tech,1.0595562864389165,sale
64,32,0,morning,desktop,sports,4.438101283795184,new
97,46,0,evening,mobile,tech,4.869231123220784,offer
69,43,0,evening,desktop,fashion,1.2971908545018151,discount
61,16,1,afternoon,mobile,food,3.7492972889170337,offer
48,4,0,night,mobile,food,0.6812848345009931,new
19,37,1,night,desktop,tech,2.3244027131261973,new
4,21,1,night,desktop,fashion,2.823274846389533,sale
35,14,0,night,mobile,tech,3.112903516593353,sale
64,31,1,night,mobile,tech,4.711717617118518,sale
49,48,0,afternoon,tablet,sports,3.525128092823876,offer
17,18,1,evening,mobile,tech,2.6657507804865666,sale
44,7,0,evening,tablet,sports,4.143537663196502,new
92,10,1,afternoon,tablet,sports,4.77739769429484,sale
30,7,1,night,tablet,food,0.5992976690703088,discount
93,33,1,afternoon,desktop,sports,4.921345725152174,sale
46,23,0,evening,desktop,sports,0.8875946257865615,offer
6,21,0,morning,mobile,food,4.1647405067094265,discount
99,19,0,afternoon,tablet,tech,1.7615063864813563,discount
37,48,0,night,desktop,fashion,1.0948084598924228,discount
24,19,0,evening,desktop,fashion,2.4793503787122573,offer
93,36,0,evening,desktop,fashion,3.397804607514261,new
46,29,0,evening,desktop,tech,2.2142833026056374,sale
53,18,1,evening,desktop,sports,0.7455443372721453,discount
95,2,0,night,tablet,fashion,3.1975751284642246,discount
99,1,1,morning,tablet,tech,4.560814742498036,discount
60,47,0,evening,tablet,sports,2.2244691467626327,new
97,5,1,afternoon,tablet,food,1.4734974993387215,new
63,20,1,morning,mobile,fashion,2.4915980566976694,offer
85,11,0,evening,tablet,sports,0.7176321997195139,new
32,42,0,morning,desktop,fashion,4.192194130161237,sale
87,2,0,afternoon,tablet,fashion,4.218533649275841,offer
33,3,0,evening,mobile,fashion,3.1460020854333277,offer
67,23,0,afternoon,desktop,sports,2.0889630002227526,sale
18,12,0,night,tablet,tech,4.099025140006026,sale
25,20,0,evening,tablet,sports,2.9960916115476524,sale
95,5,0,evening,tablet,fashion,4.216695388475073,offer
54,37,0,evening,desktop,sports,3.341564566623593,offer
58,38,0,evening,desktop,food,4.029824629457588,offer
67,30,0,night,mobile,tech,3.19353346947992,sale
46,9,1,evening,desktop,sports,2.3636348069704978,sale
24,34,0,morning,desktop,food,4.810756369667619,discount
32,44,1,evening,tablet,tech,2.935012211954801,new
47,35,0,night,desktop,food,3.2229028334324226,discount
86,22,0,evening,tablet,tech,1.4921943773663715,sale
23,44,0,morning,tablet,sports,3.3154285524227443,offer
66,24,0,night,desktop,food,3.0722344226732474,sale
27,17,0,night,mobile,fashion,1.3317727907616121,new
2,10,0,morning,mobile,food,0.7681419380891468,discount
90,30,0,morning,desktop,tech,3.2196169387164697,discount
17,46,0,morning,mobile,sports,3.9366152120764424,offer
33,23,0,morning,tablet,tech,2.855306169149037,discount
9,32,0,morning,tablet,food,1.5204768139384057,discount
43,17,0,night,desktop,food,3.4993488951186573,sale
48,17,0,night,mobile,fashion,0.8604757697432102,discount
39,14,0,evening,mobile,sports,2.4882516716087957,discount
93,9,0,evening,tablet,sports,1.235150412792891,discount
42,40,1,afternoon,desktop,food,1.3300657297694751,offer
26,2,0,evening,mobile,sports,1.4103227712119164,offer
99,45,0,evening,desktop,fashion,2.2401817566979005,sale
50,25,1,morning,mobile,tech,0.7301759252917893,discount
25,39,0,morning,tablet,sports,2.2900704841809416,offer
24,9,0,evening,tablet,food,2.802683512016154,offer
13,22,0,afternoon,desktop,tech,2.6748242823484634,sale
60,43,0,morning,tablet,tech,2.2225284518136825,new
7,46,0,evening,mobile,fashion,4.276159736318386,discount
57,4,0,evening,tablet,food,1.1539701158922684,offer
36,26,0,night,desktop,sports,2.7756353470161828,sale
45,29,0,afternoon,desktop,food,0.7791863763044944,sale
20,45,1,night,desktop,tech,0.8202005549505939,sale
65,34,1,afternoon,mobile,food,3.0823963235469334,offer
8,23,0,morning,mobile,sports,3.047082911995194,discount
16,37,0,afternoon,mobile,sports,4.451150807800056,new
14,11,0,evening,mobile,fashion,3.0104315404703295,discount
76,6,0,evening,mobile,sports,4.8190595918218255,sale
87,18,0,afternoon,tablet,sports,0.7191268177996839,sale
15,21,0,afternoon,mobile,food,0.9410345815133347,new
92,42,1,afternoon,mobile,food,0.6982963770667163,discount
98,36,0,night,tablet,tech,1.33374582650093,sale
66,41,0,afternoon,mobile,fashion,2.9357154992375514,sale
32,38,0,morning,desktop,food,3.405074816423426,discount
87,34,0,night,mobile,sports,0.7051332107690096,sale
63,17,1,night,mobile,tech,4.756869004305197,discount
86,37,0,afternoon,desktop,food,4.2897441949267145,sale
51,25,0,morning,desktop,fashion,1.834756169706919,discount
25,38,0,night,desktop,fashion,0.8473438860191058,new
58,12,0,evening,desktop,tech,1.2644918294857577,sale
63,23,0,night,mobile,tech,1.071249861897377,new
62,42,0,afternoon,desktop,tech,1.0547770068452609,sale
22,22,0,morning,desktop,tech,2.833527598995803,sale
58,21,0,afternoon,tablet,tech,1.6063134912203014,offer
58,27,0,evening,desktop,sports,2.1116287243811502,discount
86,31,0,evening,desktop,sports,4.952774000229451,new
49,6,0,evening,tablet,food,3.5794141201640515,new
52,27,0,afternoon,tablet,fashion,4.770413001711506,new
42,40,0,night,mobile,sports,1.14150449764902,discount
70,34,1,afternoon,tablet,sports,2.2196276367465617,offer
15,12,1,morning,mobile,sports,2.9962931147705945,new
54,45,1,night,tablet,food,0.8454112784993211,discount
60,7,0,evening,tablet,tech,0.5188434963258104,sale
97,10,0,afternoon,mobile,food,3.516954502086129,new
8,45,0,evening,tablet,fashion,3.388187825606459,new
53,17,0,evening,mobile,fashion,2.348549644998253,offer
60,26,1,morning,tablet,fashion,2.7033983421441468,new
5,21,0,night,desktop,fashion,2.3694935026644033,new
68,28,0,morning,tablet,sports,0.6080227018019999,sale
6,46,0,morning,mobile,sports,2.009172227978581,discount
96,2,0,morning,tablet,food,1.2968701492878043,discount
94,43,0,evening,mobile,tech,0.9429088509561594,offer
47,1,0,morning,mobile,fashion,4.805241952502074,sale
99,36,0,morning,desktop,food,3.1971187626897453,discount
55,26,0,night,desktop,sports,3.7789532790647122,sale
40,29,0,night,mobile,sports,1.9191368446975288,discount
52,21,0,morning,tablet,tech,2.2691620827230685,sale
16,11,1,night,mobile,tech,1.5661579725352557,offer
13,40,1,night,mobile,tech,0.9363455193444113,new
30,11,0,morning,tablet,food,1.305642368487127,offer
19,36,0,evening,tablet,sports,4.088813203834187,discount
17,49,0,morning,tablet,sports,3.5489561233269913,offer
63,39,0,night,tablet,tech,2.9611799419346463,new
19,40,0,evening,mobile,fashion,2.637904427900456,offer
92,35,1,afternoon,mobile,tech,4.65095427645256,discount
58,34,0,evening,desktop,food,0.8273072650040079,discount
55,47,1,night,mobile,tech,1.7627036595706218,offer
90,24,0,evening,tablet,tech,2.0747203410682133,new
90,22,0,morning,desktop,food,4.020916154957545,offer
62,5,0,afternoon,tablet,tech,4.966315790728871,new
23,33,1,afternoon,mobile,sports,1.5830173164071888,sale
9,36,0,afternoon,desktop,fashion,4.434383003616863,new
12,47,0,night,tablet,tech,4.23780242194306,sale
1,20,0,night,desktop,food,1.5109582893879498,offer
58,19,0,afternoon,desktop,fashion,2.2969966108965014,new
1,35,0,evening,mobile,food,2.343527911816336,sale
34,43,0,afternoon,tablet,fashion,4.901993008369512,sale
96,17,0,evening,desktop,fashion,1.3140135562050426,sale
48,45,0,evening,desktop,tech,4.096210869971519,discount
89,43,0,night,tablet,sports,2.0038672137789946,offer
1,34,0,evening,desktop,tech,3.7889165559927216,sale
16,9,0,afternoon,desktop,food,2.390049519330483,new
61,26,0,night,desktop,food,3.10261893402443,sale
64,2,0,morning,tablet,fashion,4.2467529799675905,discount
63,9,0,morning,tablet,fashion,4.118745042427479,offer
69,9,1,night,tablet,sports,4.398904325928651,discount
22,40,0,afternoon,tablet,tech,0.7682779640509656,discount
93,17,0,morning,mobile,food,3.6142274886788517,discount
67,1,0,morning,desktop,fashion,1.1299431952479329,new
76,25,0,evening,tablet,sports,2.3711835560828494,offer
26,43,0,evening,desktop,food,2.968647867746098,offer
16,40,0,afternoon,desktop,fashion,2.3123276813607383,new
51,42,0,night,mobile,food,2.8382525411135338,offer
86,25,0,afternoon,tablet,sports,4.9843683895937865,discount
57,39,0,night,tablet,sports,1.1084779117078463,offer
29,35,0,morning,desktop,food,3.539552204013915,new
78,3,0,evening,tablet,tech,2.2820043487352684,discount
92,37,0,afternoon,desktop,food,1.0985440950829795,new
69,44,0,afternoon,desktop,fashion,1.214315435184393,sale
47,44,0,night,mobile,tech,4.771728978105276,discount
94,30,1,night,mobile,fashion,4.458206735202929,discount
62,38,0,afternoon,mobile,food,4.581688821867599,offer
69,34,0,night,desktop,tech,4.961897491223239,discount
76,12,0,afternoon,tablet,fashion,1.4374192550383307,new
16,19,0,afternoon,mobile,food,2.099477018138278,offer
90,37,0,afternoon,tablet,food,3.5114856346619003,sale
90,44,0,morning,mobile,tech,2.677111429372913,new
48,49,0,night,mobile,food,2.382752900202501,sale
85,17,0,evening,desktop,sports,2.1101506220101687,sale
39,10,0,evening,mobile,fashion,3.172012843745535,sale
33,49,0,night,mobile,fashion,3.090170428880369,discount
94,47,0,afternoon,desktop,food,1.2265602532890805,new
23,12,1,evening,tablet,food,2.6228292688329757,new
10,16,0,evening,mobile,sports,2.9906229929443247,discount
69,24,0,night,desktop,tech,3.0662912242912572,offer
34,19,1,evening,mobile,food,1.445482368105583,sale
52,8,0,afternoon,desktop,food,3.8402212651352903,new
95,31,0,night,tablet,food,0.6133959266948134,discount
10,21,0,afternoon,tablet,food,2.096743349944232,sale
19,17,1,evening,desktop,fashion,4.010956918410351,offer
58,23,0,evening,desktop,food,3.0375181447493107,offer
96,37,0,afternoon,desktop,fashion,1.675230946298871,sale
1,16,0,morning,tablet,food,3.6272890370437145,offer
69,6,1,evening,mobile,tech,3.0532592487023305,new
4,8,0,morning,tablet,sports,4.083096242553742,new
16,25,0,evening,desktop,tech,3.807613337854205,new
24,18,0,morning,desktop,food,3.245485649163056,offer
80,25,0,morning,tablet,food,2.696799538898663,new
2,12,0,morning,desktop,food,1.0993195655038552,discount
92,15,1,afternoon,tablet,tech,1.675998580484227,new
32,26,0,morning,desktop,food,2.3859476281268837,new
91,41,0,morning,mobile,tech,3.196846791528749,offer
84,45,0,morning,mobile,fashion,2.8116853484688717,new
24,26,1,evening,desktop,sports,1.7968303668178827,sale
12,47,0,morning,tablet,sports,0.5290896100536975,discount
50,32,0,evening,mobile,tech,2.733076498553663,offer
35,10,1,morning,tablet,fashion,1.785316948530094,discount
33,16,1,morning,desktop,tech,3.805737353197408,sale
33,7,1,afternoon,tablet,fashion,0.6077581937171757,offer
61,17,1,evening,mobile,food,3.131725150876059,offer
51,23,0,morning,tablet,fashion,4.7366340687772945,new
43,26,0,evening,tablet,fashion,1.2848417020017477,discount
12,21,0,evening,desktop,fashion,2.622422708377679,sale
67,22,1,night,desktop,sports,0.9113989631771218,sale
65,7,0,afternoon,desktop,fashion,3.315568605176087,offer
33,14,0,afternoon,mobile,food,2.9773925626830153,new
40,15,0,afternoon,mobile,food,2.3331448589577457,offer
74,7,0,night,desktop,food,2.8461965966318354,offer
43,9,0,night,desktop,fashion,4.534585963110546,offer
44,48,1,afternoon,mobile,tech,1.3833243603998016,offer
29,8,1,night,mobile,tech,0.6015403026740626,sale
13,23,0,night,mobile,food,4.377491981145955,sale
12,29,0,night,mobile,sports,3.0970268707455793,offer
95,18,0,afternoon,desktop,tech,4.507963049578291,offer
46,31,0,afternoon,mobile,fashion,3.1862535053592764,new
2,30,1,afternoon,desktop,tech,4.145724904818661,offer
35,39,0,night,tablet,food,2.4335301350981657,sale
87,35,0,afternoon,tablet,sports,3.8743696907972094,discount
81,18,1,night,mobile,tech,4.608686601004352,sale
90,42,0,morning,tablet,tech,3.0745533367499283,new
8,39,0,night,tablet,food,1.313533177530708,sale
93,17,0,evening,tablet,sports,1.7095892676358917,discount
26,14,0,afternoon,mobile,sports,1.393900596038326,offer
74,31,0,afternoon,mobile,food,1.6108566241807982,discount
90,24,0,evening,tablet,fashion,1.8788695220796636,offer
34,35,0,night,desktop,tech,2.998102040389348,offer
7,44,1,morning,tablet,fashion,3.1459623325872474,sale
68,45,0,evening,mobile,tech,2.419248862588375,sale
58,34,0,evening,mobile,tech,3.2693935091937596,sale
75,3,0,night,mobile,fashion,0.8670871652511467,new
29,37,0,afternoon,tablet,food,0.8950470667617199,sale
36,43,0,night,desktop,food,1.273232571609463,new
89,40,0,evening,mobile,tech,2.8313487411815514,sale
21,26,0,evening,mobile,food,1.462976054142411,offer
36,23,1,afternoon,tablet,tech,1.774779815716598,new
10,44,0,afternoon,desktop,food,2.3014077627784735,discount
73,39,0,afternoon,tablet,tech,4.153397558046709,new
24,15,1,night,mobile,food,0.5623796116078705,new
64,49,0,afternoon,desktop,sports,3.4222046910648007,discount
99,4,0,evening,desktop,fashion,3.509944389683084,new
49,29,0,evening,mobile,sports,4.093951011604864,offer
99,22,0,morning,desktop,fashion,4.69738822577141,sale
36,25,0,night,desktop,fashion,0.5906203202718042,discount
82,13,0,morning,tablet,tech,1.1920266748094728,sale
96,18,0,evening,mobile,fashion,4.487770823251969,offer
24,33,0,morning,mobile,sports,2.563333529841569,discount
23,16,0,evening,mobile,sports,3.0406578752005857,sale
62,45,0,morning,mobile,food,3.483622416754163,sale
96,42,0,afternoon,mobile,sports,3.555799720230368,offer
37,44,0,morning,desktop,food,4.692831814924287,sale
12,2,0,afternoon,tablet,fashion,4.986272378352513,offer
55,35,1,afternoon,mobile,sports,3.740708574189231,new
13,42,0,night,tablet,fashion,1.7924954414231786,offer
23,34,0,afternoon,tablet,sports,4.458885810324546,new
89,30,0,afternoon,desktop,sports,0.7214941154334272,discount
99,13,0,morning,mobile,food,1.539863837935233,sale
30,13,1,evening,desktop,fashion,4.5382357285867165,offer
17,18,1,night,mobile,sports,1.6528618149770973,offer
62,32,0,afternoon,desktop,tech,1.4929297682978682,sale
84,32,0,night,tablet,fashion,1.1215638191311126,sale
89,35,0,morning,mobile,fashion,4.366002909411124,discount
86,39,1,afternoon,tablet,fashion,2.75026216635989,discount
13,46,0,morning,tablet,food,3.5370194137436965,offer
59,29,0,night,desktop,tech,1.5757987283376336,discount
19,49,0,morning,mobile,fashion,3.911181894550474,new
49,29,0,night,tablet,sports,3.920024952329443,discount
12,44,0,morning,desktop,sports,1.9066911120873506,discount
61,16,0,night,mobile,food,2.348071848546273,offer
19,44,0,evening,mobile,sports,1.4436062484359038,new
76,47,0,morning,tablet,fashion,4.8945246049530695,discount
9,10,0,morning,mobile,sports,3.4052115967628525,new
71,30,0,evening,tablet,fashion,4.70544746321982,new
28,25,0,evening,mobile,sports,1.8652349463310993,new
78,39,0,morning,desktop,tech,4.018509108486004,sale
95,20,0,evening,tablet,food,3.946363897481339,sale
52,5,0,afternoon,tablet,food,3.612450433399437,sale
83,1,0,night,mobile,tech,4.845375388700602,sale
16,30,0,night,mobile,tech,2.27099901247842,offer
69,49,0,night,tablet,food,1.0882279561539079,discount
99,3,0,afternoon,mobile,tech,3.5226898665982733,sale
12,45,1,evening,desktop,fashion,3.7818941021474277,offer
25,14,0,evening,mobile,sports,3.087772580564666,discount
52,30,1,morning,desktop,food,1.4306805191002832,sale
85,4,0,evening,desktop,tech,2.770051737512099,discount
53,18,0,morning,desktop,fashion,1.9048538145610823,sale
23,37,0,afternoon,desktop,food,2.4235993767501007,offer
16,25,0,night,desktop,tech,3.4034835913009878,new
57,48,0,night,mobile,food,3.8534663421087556,new
39,1,0,night,desktop,tech,1.545011109056044,discount
53,46,0,evening,mobile,food,2.32396412291129,offer
42,15,0,morning,desktop,fashion,1.7112270694623313,new
58,9,0,morning,tablet,fashion,1.393842262378411,sale
39,15,0,afternoon,desktop,sports,4.025242489981273,new
14,49,0,evening,tablet,food,4.591637124966466,discount
95,24,0,afternoon,desktop,sports,2.1660448355805952,discount
5,4,0,morning,desktop,food,3.880755159681951,offer
35,12,0,morning,desktop,tech,4.53647880213985,discount
87,37,0,night,tablet,tech,4.307558947386042,new
93,37,0,evening,tablet,sports,1.3226602484265166,new
75,43,1,morning,desktop,food,4.803313466810126,new
18,6,1,night,mobile,sports,2.195043981932581,new
76,39,0,evening,desktop,fashion,2.0265829752822633,offer
9,46,0,afternoon,tablet,sports,0.7809409727500115,sale
74,24,0,evening,desktop,sports,2.6877814434719736,sale
58,11,0,evening,tablet,tech,0.9905612703841792,offer
17,13,0,morning,tablet,sports,1.618429194173417,discount
7,34,0,morning,tablet,food,1.9262417979527662,sale
46,25,1,evening,desktop,tech,4.139718455712578,discount
13,7,0,morning,tablet,sports,4.439698926781534,sale
40,4,0,morning,tablet,fashion,1.8610984285766135,discount
42,8,0,morning,desktop,sports,4.3641415456005825,offer
9,20,0,night,tablet,sports,4.35753921816406,new
50,29,0,night,desktop,sports,3.940929276731931,discount
27,45,0,evening,tablet,tech,1.160128013068317,new
66,46,0,morning,mobile,food,3.6064528110532805,discount
5,10,0,night,mobile,fashion,4.752608290612559,discount
29,43,1,evening,tablet,sports,3.5714321544522067,discount
37,34,0,morning,mobile,food,1.992275820985253,discount
38,26,0,afternoon,desktop,food,2.7526069284387407,discount
83,41,0,morning,mobile,tech,3.4057626950797415,new
8,49,1,morning,tablet,fashion,2.797566839278266,discount
65,3,0,night,tablet,tech,1.0397882377893641,new
86,6,0,evening,desktop,food,1.904288200934093,offer
17,5,1,evening,tablet,food,4.110782137491347,sale
71,5,1,night,desktop,food,4.376381207429828,discount
89,47,0,morning,mobile,tech,1.1178501472200661,sale
45,23,1,afternoon,mobile,fashion,4.785740385794261,new
4,49,0,morning,desktop,sports,1.979701780318742,offer
36,9,0,morning,desktop,tech,3.48041182428824,offer
70,35,0,afternoon,tablet,food,3.8832131568050654,offer
31,20,0,night,mobile,tech,4.153758055870475,sale
19,49,0,evening,desktop,food,4.755873660016686,new
61,42,0,night,mobile,sports,1.9081379661297018,discount
54,35,0,night,desktop,sports,4.363279045481995,discount
39,18,0,morning,mobile,fashion,1.0925910654629316,new
91,17,0,evening,tablet,food,3.672684078591167,sale
74,24,0,evening,mobile,fashion,3.8388997828129363,discount
90,3,0,night,mobile,fashion,3.549754585405942,new
19,32,0,afternoon,mobile,sports,1.6354163126081884,discount
39,35,0,night,mobile,tech,4.428694161568416,offer
67,38,0,afternoon,mobile,tech,1.2598630851667776,discount
45,13,1,evening,tablet,fashion,0.7413565618437388,sale
13,47,0,night,desktop,sports,3.7285924577536047,new
92,25,0,morning,mobile,food,2.6396407185473016,sale
58,9,0,night,tablet,tech,4.320941089814042,new
20,4,0,evening,mobile,fashion,2.225287134762165,offer
92,14,0,morning,mobile,tech,1.2572536482847076,new
72,37,1,morning,desktop,tech,4.2639898661144136,discount
61,34,0,afternoon,mobile,food,2.9700933423803226,discount
39,11,0,morning,tablet,sports,1.351381065756597,offer
1,41,0,morning,tablet,food,3.7417279936390058,new
3,3,0,night,desktop,sports,2.8000113732027523,offer
77,28,0,evening,mobile,tech,3.219408420081439,discount
92,29,0,afternoon,tablet,fashion,2.5740425219296186,sale
62,9,0,night,mobile,food,4.229190427181029,offer
63,3,0,morning,mobile,sports,4.233032220573724,sale
25,25,0,morning,mobile,tech,3.692249698209738,sale
56,34,1,afternoon,desktop,sports,0.9743061982840802,new
33,12,0,evening,mobile,sports,4.27484237856831,offer
38,42,0,afternoon,tablet,sports,3.5195584123980943,sale
6,9,0,night,mobile,tech,3.6366087470193476,sale
58,15,0,afternoon,tablet,fashion,2.1334227818174223,new
44,40,1,morning,mobile,fashion,4.456758002706531,new
45,25,0,night,tablet,fashion,3.7641722010568586,discount
32,5,0,morning,tablet,sports,1.006657099381375,sale
45,11,1,evening,mobile,tech,2.335001154827732,discount
61,34,0,morning,mobile,sports,4.488711628820638,sale
47,24,1,morning,tablet,fashion,0.7123851576382054,discount
21,15,0,afternoon,desktop,fashion,4.826374788389223,new
80,38,0,morning,mobile,tech,3.5562315574380325,offer
85,8,0,night,desktop,sports,3.3411918993951946,new
75,5,0,night,mobile,food,1.7175166541959612,discount
36,48,1,evening,mobile,food,1.6195630493262967,discount
99,26,0,night,mobile,fashion,4.739261987698679,offer
19,18,0,afternoon,mobile,tech,1.8422260440535523,sale
20,6,0,evening,desktop,sports,3.9897738352354972,discount
57,37,0,night,mobile,sports,2.269048091931856,discount
18,48,0,afternoon,tablet,fashion,1.126643318531168,discount
47,13,1,night,tablet,fashion,0.5482188396291152,offer
49,28,0,night,desktop,sports,2.949158016568629,new
14,5,0,morning,mobile,sports,4.891004683470197,discount
15,13,0,night,tablet,fashion,2.16111287214142,offer
31,17,0,night,desktop,sports,2.107365502968702,discount
1,40,0,afternoon,mobile,food,2.0484122803224896,sale
54,45,0,afternoon,tablet,fashion,2.842447267871863,offer
3,32,1,morning,tablet,sports,2.482991975409321,discount
16,29,0,night,desktop,fashion,4.459615820271566,offer
87,3,0,morning,mobile,tech,2.774843562755706,discount
57,40,0,night,mobile,fashion,2.7849102718485597,new
75,34,1,evening,tablet,fashion,1.1226721762425047,discount
12,40,0,evening,tablet,tech,4.922327934096737,offer
74,27,0,morning,tablet,food,1.6248780089097337,sale
96,13,0,morning,mobile,sports,0.8301383035682119,sale
16,45,0,morning,desktop,tech,3.4841581203884395,sale
72,33,0,afternoon,desktop,fashion,3.179148665705927,discount
76,6,0,afternoon,mobile,sports,2.368155442967356,new
24,24,0,afternoon,desktop,tech,2.3998650524630514,discount
28,19,0,morning,tablet,sports,4.03278764470894,sale
8,16,1,night,desktop,sports,1.3807068804484208,offer
92,40,1,evening,desktop,tech,4.191139935252004,sale
36,28,0,morning,desktop,sports,3.4193620125275817,offer
90,33,0,afternoon,tablet,food,2.38536398200786,new
8,48,0,afternoon,mobile,tech,2.561128774627409,offer
58,41,0,morning,tablet,food,1.6549124323374311,discount
60,13,0,morning,mobile,fashion,3.8845144971363865,discount
50,43,0,afternoon,mobile,sports,2.807936340373705,discount
28,45,0,night,mobile,fashion,1.9438454423742961,offer
92,25,1,afternoon,desktop,fashion,3.182225520924276,discount
41,42,0,afternoon,desktop,sports,4.980805034230953,discount
64,36,0,morning,mobile,tech,2.4586802584544922,discount
27,27,0,night,mobile,sports,4.643111303503788,new
63,38,0,afternoon,desktop,fashion,2.0525757796605477,offer
17,7,0,afternoon,tablet,fashion,0.7462971811624365,offer
73,5,0,evening,mobile,tech,1.41908947865793,sale
33,43,0,morning,tablet,sports,2.384128144974579,offer
84,45,0,evening,desktop,fashion,1.4883571786755605,new
77,31,0,evening,mobile,food,0.5010216719821499,offer
92,23,0,afternoon,tablet,fashion,4.617506919863873,new
29,42,1,morning,tablet,fashion,4.29745735053918,new
13,10,1,night,tablet,tech,3.840315041691262,offer
46,32,1,afternoon,desktop,food,1.2551656804071287,sale
35,43,0,night,desktop,fashion,1.0416360929449373,discount
6,30,0,night,tablet,fashion,0.8042213726257241,discount
82,39,1,morning,tablet,food,3.7581313494781456,offer
69,31,0,evening,desktop,sports,4.6796358230954835,offer
47,18,0,morning,tablet,sports,2.4374111941086665,new
25,36,0,night,tablet,fashion,1.0361330239822166,offer
66,2,0,afternoon,desktop,fashion,2.8057676932944795,new
10,14,1,night,tablet,sports,2.0697435835638354,sale
56,13,0,afternoon,tablet,tech,2.1867121595749897,offer
30,29,0,afternoon,tablet,food,3.2959878087006826,discount
5,12,0,morning,desktop,food,3.7342315096799106,discount
33,39,0,night,tablet,tech,0.9977161949292238,offer
65,2,1,evening,desktop,tech,0.6601560386291437,new
18,32,0,night,desktop,tech,4.974486362085717,discount
96,13,0,night,mobile,tech,1.5472775701199832,new
49,46,1,evening,mobile,tech,0.7422373620880658,offer
11,27,0,morning,tablet,tech,1.35443898093164,offer
85,49,0,night,desktop,food,0.6753103085680889,discount
26,41,0,night,mobile,tech,2.2631490257772726,offer
63,17,0,afternoon,tablet,sports,4.1108080300309595,sale
89,40,0,night,mobile,tech,2.0356000239097427,sale
86,31,0,evening,mobile,tech,2.4988253309526494,discount
59,34,0,afternoon,desktop,food,3.5401404810534745,sale
27,24,0,morning,desktop,food,2.790023315314461,new
49,45,1,afternoon,mobile,tech,4.376505587095959,discount
77,35,0,evening,mobile,food,4.397160537705904,discount
33,48,0,evening,desktop,fashion,0.5445981297101914,new
98,6,0,afternoon,tablet,food,4.001208379174397,sale
99,19,0,morning,desktop,food,2.5733012010875322,sale
1,30,0,afternoon,mobile,food,4.949782435866484,sale
21,7,1,morning,tablet,food,2.674544341439458,discount
55,10,1,afternoon,mobile,sports,4.941031754247339,discount
6,41,0,evening,tablet,sports,3.8955621254258146,sale
92,32,1,night,mobile,sports,1.6187219807598785,offer
81,34,0,night,tablet,tech,2.9227774067913095,sale
69,28,0,morning,tablet,tech,4.964610377653623,new
95,15,0,morning,mobile,fashion,4.358887734883657,discount
5,30,1,morning,tablet,sports,0.9381510220604949,new
3,37,0,evening,desktop,tech,3.6786739856449824,new
53,29,0,afternoon,mobile,food,2.0551081364186587,discount
23,22,0,evening,desktop,food,0.5314201784615665,offer
53,4,0,night,mobile,sports,2.315664360621498,sale
37,20,0,morning,tablet,fashion,1.5563948977623707,new
74,32,1,afternoon,tablet,fashion,4.184911717342121,discount
74,36,1,night,tablet,food,2.0179877398059447,new
83,4,0,night,mobile,fashion,4.2238566227921766,sale
17,27,1,night,desktop,sports,0.5026907247565788,offer
85,17,0,evening,desktop,food,1.885186175117536,offer
78,12,1,morning,mobile,tech,1.5852434643849287,offer
73,22,0,night,mobile,tech,1.5510531248087494,discount
1,17,0,morning,desktop,fashion,0.8068397889445822,discount
51,10,0,evening,desktop,food,1.3420592168472578,offer
45,1,1,night,desktop,food,2.9999730644852893,sale
77,22,0,evening,desktop,tech,1.8111248277698502,sale
4,26,0,evening,mobile,food,2.378276520481166,discount
62,18,0,morning,mobile,food,2.1959009615623484,offer
65,14,0,night,tablet,food,4.441572162499526,sale
32,47,0,evening,desktop,fashion,4.57384549554732,sale
34,29,0,night,tablet,food,2.7183063724513703,sale
92,12,1,morning,mobile,sports,1.9857017764202198,discount
95,36,0,evening,mobile,fashion,0.9806031680106364,offer
72,35,0,morning,tablet,food,4.790312957219427,new
39,12,0,night,desktop,food,0.7710212520513385,offer
26,7,1,night,desktop,sports,1.839426249057262,offer
34,29,1,morning,desktop,fashion,1.8412979052650187,discount
54,11,0,afternoon,desktop,tech,1.9418057876309671,sale
3,33,0,evening,tablet,tech,1.2392907947258418,sale
50,6,0,night,tablet,fashion,4.024226439156637,discount
12,47,0,night,mobile,food,1.0512403788469515,discount
65,15,1,evening,desktop,food,3.3570799661892328,discount
54,32,0,morning,desktop,tech,1.0573071201761786,discount
5,11,0,morning,desktop,tech,0.8174103691683046,discount
94,23,0,morning,tablet,tech,4.592432766586445,new
94,26,1,afternoon,desktop,sports,1.3555794484341757,offer
57,34,0,afternoon,tablet,tech,4.19562569551867,offer
17,46,0,night,desktop,sports,2.950838919982111,offer
47,34,0,morning,desktop,fashion,0.8503543382394632,sale
23,29,1,evening,mobile,food,4.799516861471304,new
79,4,0,night,desktop,tech,1.6113252514635164,offer
85,17,0,evening,desktop,food,4.36840405408673,sale
14,35,0,night,mobile,food,1.2596450260305387,new
66,13,0,afternoon,tablet,tech,4.342742969638338,new
75,41,0,night,tablet,tech,0.5595296580738229,sale
51,39,0,afternoon,desktop,fashion,2.803012054562663,new
38,15,0,night,tablet,sports,3.9624916073970056,sale
64,29,0,morning,desktop,sports,4.706579828717525,offer
98,29,0,evening,mobile,food,4.5914096129291915,sale
38,11,1,morning,mobile,tech,4.1883119129644015,new
50,32,0,night,desktop,fashion,4.496861073475868,offer
98,2,1,night,mobile,fashion,1.3964885862668441,offer
82,47,0,night,mobile,fashion,1.7788293307027794,discount
30,14,0,afternoon,desktop,fashion,1.8003583621447632,discount
79,20,0,evening,desktop,fashion,2.1967426895076447,new
91,22,0,evening,mobile,sports,2.2699430167333494,sale
51,11,0,night,tablet,sports,2.9504989609460397,sale
63,27,0,night,tablet,sports,1.2194589351489862,new
98,3,0,afternoon,desktop,tech,3.610609987036952,offer
52,17,1,morning,desktop,food,1.2540494268702793,new
38,44,0,morning,tablet,fashion,1.8963881694704638,new
97,28,1,evening,mobile,tech,2.765053087727693,offer
88,29,0,afternoon,tablet,fashion,4.083982526855648,sale
79,21,0,night,tablet,sports,3.827611549574273,new
30,47,0,evening,tablet,tech,3.40490460384735,sale
51,16,0,afternoon,tablet,sports,1.2009796726107658,new
81,37,0,morning,desktop,fashion,2.9617040552700997,offer
5,20,0,afternoon,desktop,fashion,0.8935092580994846,offer
29,6,0,morning,mobile,food,2.1981342955849286,discount
4,19,0,afternoon,mobile,fashion,2.360824386304816,offer
10,5,0,evening,mobile,sports,0.6791514775058922,discount
56,3,1,morning,mobile,fashion,1.7329464476148733,new
17,1,1,evening,tablet,food,4.800422602699202,sale
74,38,0,evening,desktop,food,4.791346735233603,offer
17,15,0,morning,desktop,sports,2.0854717441364268,offer
84,34,0,morning,mobile,tech,0.6939504902674583,offer
88,35,0,night,mobile,fashion,1.305927226976817,new
69,49,1,night,tablet,food,2.264980070450931,discount
34,25,0,night,tablet,fashion,4.765008640861534,new
6,24,0,evening,mobile,fashion,1.135395785917332,sale
53,12,0,evening,desktop,tech,3.9358212965069552,new
66,18,0,night,desktop,food,0.9890714271861143,sale
77,15,0,evening,desktop,fashion,4.915659098260746,offer
43,44,1,evening,mobile,food,2.2172742459911072,sale
75,16,0,morning,desktop,sports,3.9885554250457522,sale
23,27,0,morning,tablet,sports,2.041659872650093,discount
55,8,1,evening,tablet,fashion,3.324509947214639,sale
80,46,0,night,mobile,food,1.3640723813301654,sale
95,25,0,afternoon,tablet,fashion,1.1570945868363314,new
75,17,0,night,mobile,food,4.721288628056591,offer
16,29,0,afternoon,desktop,food,4.6294127505699505,new
8,8,1,night,desktop,tech,4.49361023095797,new
4,15,0,morning,desktop,tech,3.3144505257496704,offer
4,27,1,evening,tablet,tech,4.137206950473252,offer
56,46,0,evening,mobile,fashion,0.810666216101187,sale
25,7,1,morning,desktop,tech,2.006550688508056,sale
67,3,0,afternoon,mobile,tech,1.911664061407203,discount
96,29,1,afternoon,desktop,sports,3.3604039487867596,new
67,44,0,afternoon,tablet,food,2.1018099806178823,offer
27,24,1,morning,tablet,food,1.1682805173965636,sale
93,3,0,afternoon,mobile,tech,3.1841018393609466,offer
32,20,0,morning,tablet,food,4.164727643010867,sale
50,46,1,night,tablet,sports,2.2195557250698794,discount
61,15,0,night,mobile,sports,1.0952092179431676,discount
51,25,1,morning,desktop,tech,1.3850968879077037,offer
19,30,0,evening,tablet,sports,1.568674873262228,discount
21,14,0,night,mobile,food,1.849539168475413,offer
5,7,0,afternoon,tablet,fashion,3.392577817278391,sale
82,17,0,morning,tablet,food,3.2042546804197354,new
92,44,0,afternoon,tablet,fashion,3.632359377051676,discount
42,20,0,afternoon,tablet,tech,2.1312589303918092,sale
61,36,0,evening,mobile,fashion,4.207989433459902,new
22,9,0,afternoon,mobile,sports,1.4183944752009212,new
21,38,0,evening,mobile,food,2.6106833638316926,new
70,48,0,night,tablet,fashion,4.104224246936436,sale
1,22,0,morning,tablet,food,1.3107139147967866,sale
5,2,0,afternoon,tablet,tech,0.9943840118335232,offer
12,24,0,morning,mobile,tech,4.476577854595954,new
90,8,1,afternoon,tablet,sports,2.0431834824163815,new
46,11,1,morning,desktop,tech,3.577415562090644,new
34,13,0,afternoon,tablet,fashion,0.6140687191877232,offer
49,17,0,afternoon,desktop,tech,3.6052109978425233,new
78,8,1,afternoon,tablet,sports,1.9224559019613674,sale
90,21,0,afternoon,mobile,food,0.7508338411434878,new
45,18,0,afternoon,tablet,food,3.2441574269665265,discount
27,30,0,afternoon,desktop,tech,1.5836171723292796,sale
73,18,0,afternoon,desktop,fashion,2.24063258923346,offer
26,46,0,afternoon,tablet,sports,0.8626136552893111,new
47,47,0,afternoon,desktop,fashion,1.162234629927254,discount
86,31,1,morning,desktop,sports,1.8408975597312969,offer
56,38,1,evening,mobile,tech,0.9039177525207072,offer
94,32,0,afternoon,tablet,sports,4.598718191088419,sale
63,11,0,evening,tablet,sports,0.5272116943279028,offer
48,45,1,afternoon,tablet,tech,2.6773709848894014,offer
61,25,0,afternoon,desktop,fashion,1.0546135615964816,offer
81,33,0,morning,tablet,tech,1.8845559026507683,offer
26,38,0,night,tablet,sports,4.6672680191821945,new
36,41,1,night,mobile,tech,1.2276254897329408,new
1,8,0,morning,mobile,sports,4.846245438732497,new
8,11,1,evening,mobile,tech,1.4260746964523978,new
99,22,1,night,desktop,food,3.8370474881007333,discount
52,24,0,morning,tablet,food,2.960047692037903,new
79,41,0,morning,mobile,tech,4.480154274185416,offer
47,17,0,night,mobile,fashion,2.992969649764089,new
56,12,0,evening,mobile,sports,2.905516486203389,new
86,46,0,morning,tablet,food,1.3795610016577995,sale
14,32,0,afternoon,tablet,fashion,1.2480321292324643,offer
90,15,0,evening,tablet,sports,4.6242011800198135,new
28,16,1,evening,desktop,food,1.9752718948251533,new
87,22,0,night,desktop,food,2.1743701473330317,new
78,28,0,night,mobile,tech,3.9192064629277477,discount
88,20,0,afternoon,tablet,sports,2.024705670902633,new
2,33,0,morning,mobile,fashion,4.784281009875512,sale
26,10,0,night,tablet,fashion,3.8206749604946015,offer
14,40,0,night,tablet,fashion,3.18843159158039,offer
59,32,0,evening,tablet,sports,4.464028222451386,new
56,33,0,night,desktop,fashion,0.7232265875726724,new
7,2,0,night,desktop,fashion,1.6567821148514392,new
3,33,0,night,tablet,fashion,2.592663503994095,offer
23,33,0,night,mobile,tech,1.5214034276218447,offer
18,41,1,evening,tablet,tech,3.847573342859684,discount
38,13,0,afternoon,tablet,sports,4.636436139741763,sale
99,30,0,afternoon,mobile,sports,2.406965539689155,discount
15,33,0,morning,tablet,fashion,2.039596700503527,sale
64,13,0,night,mobile,tech,4.826978294619048,discount
89,26,0,evening,desktop,food,2.501835947723934,offer
28,22,0,morning,desktop,food,2.7007178020217744,discount
74,39,0,morning,mobile,fashion,2.082424425538574,sale
39,2,0,afternoon,desktop,fashion,4.592968128554623,new
57,38,0,evening,desktop,tech,3.0602996747683284,sale
17,39,0,evening,mobile,tech,3.929785642317401,new
86,26,0,evening,desktop,tech,4.153130232578988,offer
90,46,1,afternoon,tablet,sports,2.0383206886276617,sale
44,15,0,afternoon,tablet,sports,2.45162449094171,discount
25,34,0,afternoon,mobile,fashion,4.318122984828191,sale
17,42,0,afternoon,desktop,sports,2.134649082541146,new
13,44,0,afternoon,tablet,tech,4.072708100533331,offer
84,49,0,night,tablet,tech,4.734465451584967,discount
25,40,0,night,desktop,sports,3.3044466788060314,sale
68,11,0,evening,desktop,food,3.8373227935335,new
10,3,0,morning,tablet,fashion,4.1229379041851075,discount
67,6,0,evening,tablet,food,4.3026784200348915,offer
18,9,0,morning,mobile,fashion,2.2777400203555818,discount
86,6,0,afternoon,mobile,food,0.7306855662919918,offer
34,9,0,morning,tablet,sports,2.308443220565328,discount
8,39,0,evening,mobile,fashion,3.531903034028404,sale
40,31,1,evening,tablet,fashion,2.5265767360135674,new
83,32,0,morning,tablet,fashion,3.8703341788717935,sale
42,41,0,night,mobile,tech,2.1064209326089873,sale
41,12,0,afternoon,mobile,tech,3.356348634968133,offer
6,8,1,afternoon,desktop,food,1.3388891218428856,offer
52,8,0,evening,desktop,sports,3.8721624649023063,offer
26,28,0,night,desktop,tech,2.955631859658616,sale
